Task Name,Description,Priority,Status,Start Date,End Date,Duration (Days),Milestone,Assigned To,Phase,Dependencies,Estimated Hours,Task List
Kick-off meeting client,"Validation des objectifs, périmètre, 6 verticales. Identification des besoins spécifiques Sans-Soucis AV (Marie Boudreau)",High,Open,2025-11-01,2025-11-01,1,Configuration Initiale,Roland Ranaivoarison,Phase 0: Préparation,,2,Préparation
Configuration environnements,"Setup Genspark Pro, Configuration AI Drive initial, Préparation Notion Workspace, Setup n8n instance",High,Open,2025-11-01,2025-11-02,2,Configuration Initiale,Roland Ranaivoarison,Phase 0: Préparation,1,4,Préparation
Documentation initiale,"Collecte informations client, Audit des processus actuels, Cartographie des 6 verticales (GR International, Marketing, Livres, PVA, Clients, Création)",Medium,Open,2025-11-02,2025-11-03,2,Configuration Initiale,Roland Ranaivoarison,Phase 0: Préparation,1,3,Préparation
Configuration Genspark IA,"Création Super Agent multi-rôles, Configuration 6 rôles C-Suite (CEO, COO, CFO, CMO, CTO, AV), Tests de commutation multi-rôles",High,Open,2025-11-04,2025-11-08,5,Infrastructure,Roland Ranaivoarison,Phase 1: Fondation & Setup,3,12,Infrastructure
Setup AI Drive - Base de connaissances,"Structure dossiers par verticale, Migration documents existants, Configuration mémoire persistante, Tests continuité contextuelle",High,Open,2025-11-04,2025-11-08,5,Infrastructure,Roland Ranaivoarison,Phase 1: Fondation & Setup,3,10,Infrastructure
Configuration accès verticales,"Setup 6 verticales: GR International (15h→4h), Marketing (8h→2h), Livres (12h→3h), Projet PVA (8h→2h), Clients (7h→1.5h), Création visuelle (4h→1h)",High,Open,2025-11-09,2025-11-15,7,Infrastructure,Roland Ranaivoarison,Phase 1: Fondation & Setup,"4,5",14,Infrastructure
Développement Agent GR International,"Suivi membres, Reporting district, Organisation événements",Medium,Open,2025-11-16,2025-11-22,7,Agents Spécialisés,Roland Ranaivoarison,Phase 1: Fondation & Setup,6,16,Agents Spécialisés
Développement Agent Marketing,"Dashboards campagnes, Création contenu, Analyses performances",Medium,Open,2025-11-16,2025-11-22,7,Agents Spécialisés,Roland Ranaivoarison,Phase 1: Fondation & Setup,6,16,Agents Spécialisés
Développement Agent Écriture,"Structuration chapitres, Rédaction professionnelle, Recherche synthétisée",Medium,Open,2025-11-16,2025-11-22,7,Agents Spécialisés,Roland Ranaivoarison,Phase 1: Fondation & Setup,6,12,Agents Spécialisés
Développement Agent Contrats,"Rédaction automatisée, Négociation assistée, Templates contrats",Medium,Open,2025-11-23,2025-11-29,7,Agents Spécialisés,Roland Ranaivoarison,Phase 1: Fondation & Setup,6,14,Agents Spécialisés
Développement Agent Projet PVA,"Orchestration développement, Veille stratégique, Gestion réseau",Medium,Open,2025-11-23,2025-11-29,7,Agents Spécialisés,Roland Ranaivoarison,Phase 1: Fondation & Setup,6,12,Agents Spécialisés
Développement Agent Création Visuelle,"Design logos/branding, Infographies, Templates Canva",Medium,Open,2025-11-23,2025-11-29,7,Agents Spécialisés,Roland Ranaivoarison,Phase 1: Fondation & Setup,6,10,Agents Spécialisés
Création liste 100 questions/tâches tests,"20 questions GR International, 20 Marketing, 15 Livres, 15 PVA, 15 Clients, 15 Création",High,Open,2025-11-30,2025-12-06,7,Formation & Tests,Roland Ranaivoarison,Phase 1: Fondation & Setup,"7,8,9,10,11,12",8,Formation & Tests
Tests validation 25 scénarios,"Scénarios multi-rôles, Scénarios multi-contextes, Validation mémoire persistante",High,Open,2025-12-07,2025-12-13,7,Formation & Tests,Roland Ranaivoarison,Phase 1: Fondation & Setup,13,12,Formation & Tests
Formation initiale client (4h),"Session 1: Interface & navigation (1h), Session 2: Utilisation 6 rôles (1.5h), Session 3: Cas pratiques (1.5h)",High,Open,2025-12-14,2025-12-14,1,Formation & Tests,Roland Ranaivoarison,Phase 1: Fondation & Setup,14,4,Formation & Tests
Guide d'utilisation initial,"Documentation utilisateur, Tutoriels vidéo, FAQ",Medium,Open,2025-12-08,2025-12-13,6,Formation & Tests,Roland Ranaivoarison,Phase 1: Fondation & Setup,13,6,Formation & Tests
Support 30 jours Phase 1,"Disponibilité réactive, Ajustements prompts, Optimisations continues",Low,Open,2025-12-15,2026-01-13,30,,Roland Ranaivoarison,Phase 1: Fondation & Setup,15,40,Support
Architecture Control Center Notion,"Design structure base de données, Templates dashboards, Vues par verticale",High,Open,2025-12-16,2025-12-27,12,Control Center Notion,Roland Ranaivoarison,Phase 2: Optimisation & Autonomie,15,16,Control Center
Intégration Notion ↔ Genspark,"Configuration API Notion, Sync bidirectionnel, Tests flux données",High,Open,2025-12-28,2026-01-03,7,Control Center Notion,Roland Ranaivoarison,Phase 2: Optimisation & Autonomie,18,12,Control Center
Dashboards executives,"Vue CEO: stratégie globale, Vue COO: opérations, Vue CFO: finances, Vue CMO: marketing, Vue CTO: tech stack",Medium,Open,2025-12-28,2026-01-03,7,Control Center Notion,Roland Ranaivoarison,Phase 2: Optimisation & Autonomie,18,10,Control Center
Workflow 1: GR International,"Automatisation suivi membres, Reporting automatique, Notifications événements",High,Open,2026-01-04,2026-01-10,7,Workflows n8n,Roland Ranaivoarison,Phase 2: Optimisation & Autonomie,19,8,Workflows n8n
Workflow 2: Marketing,"Publication automatisée, Scheduling contenu, Analytics tracking",High,Open,2026-01-04,2026-01-10,7,Workflows n8n,Roland Ranaivoarison,Phase 2: Optimisation & Autonomie,19,8,Workflows n8n
Workflow 3: Gestion financière,"Sync QuickBooks, Alertes budgets, Rapports automatiques",High,Open,2026-01-11,2026-01-17,7,Workflows n8n,Roland Ranaivoarison,Phase 2: Optimisation & Autonomie,"21,22",10,Workflows n8n
Workflow 4: Projet PVA,"Suivi développement, Veille automatisée, Gestion contacts",Medium,Open,2026-01-11,2026-01-17,7,Workflows n8n,Roland Ranaivoarison,Phase 2: Optimisation & Autonomie,"21,22",8,Workflows n8n
Workflow 5: Clients & Support,"Routing tickets, Suivi satisfaction, Relances automatiques",Medium,Open,2026-01-11,2026-01-17,7,Workflows n8n,Roland Ranaivoarison,Phase 2: Optimisation & Autonomie,"21,22",8,Workflows n8n
Workflows complémentaires (5+),"Backup automatique AI Drive, Sync calendrier, Archivage documents, Notifications intelligentes, Reporting hebdomadaire",Low,Open,2026-01-18,2026-01-24,7,Workflows n8n,Roland Ranaivoarison,Phase 2: Optimisation & Autonomie,"23,24,25",12,Workflows n8n
Intégration Zoho CRM,"Configuration API, Mapping champs, Sync contacts/deals, Tests validation",High,Open,2026-01-25,2026-02-07,14,Intégrations CRM & Finance,Roland Ranaivoarison,Phase 2: Optimisation & Autonomie,26,16,Intégrations
Intégration QuickBooks,"Configuration OAuth, Sync transactions, Rapports financiers, Validation comptable",High,Open,2026-01-25,2026-02-07,14,Intégrations CRM & Finance,Roland Ranaivoarison,Phase 2: Optimisation & Autonomie,26,14,Intégrations
Intégration Canva,"Templates brandés, Automatisation exports, Bibliothèque assets",Medium,Open,2026-02-08,2026-02-14,7,Intégrations CRM & Finance,Roland Ranaivoarison,Phase 2: Optimisation & Autonomie,"27,28",8,Intégrations
Optimisation prompts avancés,"A/B testing prompts, Tuning performances, Personnalisation verticales",High,Open,2026-02-15,2026-02-21,7,Optimisation & Formation Avancée,Roland Ranaivoarison,Phase 2: Optimisation & Autonomie,"27,28,29",10,Optimisation
Audit inter-phases complet,"Revue performances, Métriques ROI, Ajustements stratégiques",High,Open,2026-02-22,2026-02-28,7,Optimisation & Formation Avancée,Roland Ranaivoarison,Phase 2: Optimisation & Autonomie,30,8,Optimisation
Formation avancée client (6h),"Session 1: Control Center Notion (2h), Session 2: Workflows n8n (2h), Session 3: Optimisation usage (2h)",High,Open,2026-02-22,2026-02-28,7,Optimisation & Formation Avancée,Roland Ranaivoarison,Phase 2: Optimisation & Autonomie,30,6,Optimisation
Documentation avancée,"Playbooks par verticale, Procédures avancées, Best practices",Medium,Open,2026-02-22,2026-02-28,7,Optimisation & Formation Avancée,Roland Ranaivoarison,Phase 2: Optimisation & Autonomie,30,8,Optimisation
Support 60 jours Phase 2,"Monitoring continu, Optimisations, Évolutions",Low,Open,2026-03-01,2026-04-29,60,,Roland Ranaivoarison,Phase 2: Optimisation & Autonomie,32,80,Support
Validation finale client,"Revue complète livrables, Tests acceptation, Sign-off projet",High,Open,2026-03-01,2026-03-07,7,Déploiement & Clôture,Roland Ranaivoarison,Phase 3: Déploiement & Clôture,"31,32",4,Clôture
Documentation finale & handover,"Documentation technique complète, Transfer de connaissances, Protocoles maintenance",High,Open,2026-03-01,2026-03-07,7,Déploiement & Clôture,Roland Ranaivoarison,Phase 3: Déploiement & Clôture,35,6,Clôture
Mesure ROI & success metrics,"Calcul temps libéré (objectif 40.5h/sem), Validation ROI 218% (6 mois), Rapport final performances",High,Open,2026-03-01,2026-03-07,7,Déploiement & Clôture,Roland Ranaivoarison,Phase 3: Déploiement & Clôture,35,6,Clôture
Plan évolution & scaling,"Roadmap fonctionnalités futures, Opportunités expansion, Recommandations optimisation",Medium,Open,2026-03-01,2026-03-07,7,Déploiement & Clôture,Roland Ranaivoarison,Phase 3: Déploiement & Clôture,35,4,Clôture